<?xml version="1.0" encoding="UTF-8"?>
<section name="Workbench">
	<section name="ImportExportAction">
		<item key="ImportExportPage.STORE_SELECTED_IMPORT_WIZARD_ID" value="org.eclipse.ui.wizards.import.FileSystem"/>
		<list key="ImportExportPage.STORE_EXPANDED_IMPORT_CATEGORIES">
			<item value="org.eclipse.ui.Basic"/>
		</list>
	</section>
	<section name="FileSystemImportWizard">
		<item key="WizardFileSystemResourceImportPage1.STORE_OVERWRITE_EXISTING_RESOURCES_ID" value="false"/>
		<item key="WizardFileSystemResourceImportPage1.STORE_CREATE_CONTAINER_STRUCTURE_ID" value="false"/>
		<list key="WizardFileSystemResourceImportPage1.STORE_SOURCE_NAMES_ID">
			<item value="C:\Users\MSIS\Downloads\05_01_2024\05_01_2024"/>
		</list>
	</section>
</section>
